{"cameraMode":{"drawMode":0,"name":"Shaded","section":"Shading Mode"},"sceneLighting":true,"audioPlay":false,"sceneViewState":{"m_AlwaysRefresh":false,"showFog":true,"showSkybox":true,"showFlares":true,"showImageEffects":true,"showParticleSystems":true,"showVisualEffectGraphs":true,"m_FxEnabled":true},"in2DMode":false,"pivot":{"x":6.015617847442627,"y":-0.15461158752441407,"z":-4.000720977783203},"rotation":{"x":-0.04709523171186447,"y":0.9524810910224915,"z":-0.2268480658531189,"w":-0.19774165749549867},"size":10.803878784179688,"orthographic":false}